{
"__license":"This file has been derived from Unicode Common Locale Data Repository (CLDR) files (http://cldr.unicode.org). See the copyright and permission notice in the Unicode-Data-Files-LICENSE.txt available at the same location as this file or visit http://www.unicode.org/copyright.html",
"languages":{
"aa":"afar",
"ab":"abcázio",
"ace":"achém",
"ach":"acoli",
"ada":"adangme",
"ady":"adigue",
"ae":"avéstico",
"af":"africâner",
"afa":"idioma afro-asiático",
"afh":"afrihili",
"ain":"ainu",
"ak":"akan",
"akk":"acadiano",
"ale":"aleúte",
"alg":"idioma algonquiano",
"alt":"altai do sul",
"am":"amárico",
"an":"aragonês",
"ang":"inglês arcaico",
"anp":"angika",
"apa":"idioma apache",
"ar":"árabe",
"ar_001":"árabe moderno",
"arc":"aramaico",
"arn":"araucano",
"arp":"arapaho",
"art":"idioma artificial",
"arw":"arauaqui",
"as":"assamês",
"asa":"asa",
"ast":"asturiano",
"ath":"idioma atabascano",
"aus":"idioma australiano",
"av":"avaric",
"awa":"awadhi",
"ay":"aimara",
"az":"azerbaijano",
"ba":"bashkir",
"bad":"banda",
"bai":"idioma bamileke",
"bal":"balúchi",
"ban":"balinês",
"bas":"basa",
"bat":"idioma báltico",
"be":"bielo-russo",
"bej":"beja",
"bem":"bemba",
"ber":"berbere",
"bg":"búlgaro",
"bh":"biari",
"bho":"bhojpuri",
"bi":"bislamá",
"bik":"bikol",
"bin":"bini",
"bla":"siksika",
"bm":"bambara",
"bn":"bengali",
"bnt":"banto",
"bo":"tibetano",
"br":"bretão",
"bra":"braj",
"brx":"bodo",
"bs":"bósnio",
"btk":"bataque",
"bua":"buriat",
"bug":"buguinês",
"byn":"blin",
"ca":"catalão",
"cad":"caddo",
"cai":"idioma indígena centro-americano",
"car":"caribe",
"cau":"idioma caucásico",
"cch":"atsam",
"ce":"checheno",
"ceb":"cebuano",
"cel":"idioma celta",
"ch":"chamorro",
"chb":"chibcha",
"chg":"chagatai",
"chk":"chuukese",
"chm":"mari",
"chn":"chinook jargon",
"cho":"choctaw",
"chp":"chipewyan",
"chr":"cherokee",
"chy":"cheiene",
"ckb":"Sorâni curdo",
"cmc":"idioma chamic",
"co":"córsico",
"cop":"copta",
"cpe":"crioulo ou pidgin baseado no inglês",
"cpf":"crioulo ou pidgin baseado no francês",
"cpp":"crioulo ou pidgin baseado no português",
"cr":"cree",
"crh":"turco da Crimeia",
"crp":"crioulo ou pidgin",
"cs":"tcheco",
"csb":"kashubian",
"cu":"eslavo eclesiástico",
"cus":"idioma cuchítico",
"cv":"chuvash",
"cy":"galês",
"da":"dinamarquês",
"dak":"dacota",
"dar":"dargwa",
"day":"dayak",
"de":"alemão",
"de_AT":"alemão austríaco",
"de_CH":"alto alemão suíço",
"del":"delaware",
"den":"slave",
"dgr":"dogrib",
"din":"dinka",
"doi":"dogri",
"dra":"idioma dravidiano",
"dsb":"sérvio baixo",
"dua":"duala",
"dum":"holandês médio",
"dv":"divehi",
"dyu":"diúla",
"dz":"dzonga",
"ebu":"embu",
"ee":"eve",
"efi":"efique",
"egy":"egípcio arcaico",
"eka":"ekajuk",
"el":"grego",
"elx":"elamite",
"en":"inglês",
"en_AU":"inglês australiano",
"en_CA":"inglês canadense",
"en_GB":"inglês britânico",
"en_US":"inglês americano",
"enm":"inglês médio",
"eo":"esperanto",
"es":"espanhol",
"es_419":"espanhol latino-americano",
"es_ES":"espanhol europeu",
"es_MX":"espanhol mexicano",
"et":"estoniano",
"eu":"basco",
"ewo":"ewondo",
"fa":"persa",
"fan":"fangue",
"fat":"fanti",
"ff":"fula",
"fi":"finlandês",
"fil":"filipino",
"fiu":"idioma fino-úgrico",
"fj":"fijiano",
"fo":"feroês",
"fon":"fom",
"fr":"francês",
"fr_CA":"francês canadense",
"fr_CH":"francês suíço",
"frm":"francês médio",
"fro":"francês arcaico",
"frr":"frísio setentrional",
"frs":"frisão oriental",
"fur":"friulano",
"fy":"frísio ocidental",
"ga":"irlandês",
"gaa":"ga",
"gay":"gayo",
"gba":"gbaia",
"gd":"gaélico escocês",
"gem":"idioma germânico",
"gez":"geez",
"gil":"gilbertês",
"gl":"galego",
"gmh":"alemão médio-alto",
"gn":"guarani",
"goh":"alemão arcaico alto",
"gon":"gondi",
"gor":"gorontalo",
"got":"gótico",
"grb":"grebo",
"grc":"grego arcaico",
"gsw":"alemão suíço",
"gu":"guzerate",
"gv":"manx",
"gwi":"gwichʼin",
"ha":"hauçá",
"hai":"haida",
"haw":"havaiano",
"he":"hebraico",
"hi":"híndi",
"hil":"hiligaynon",
"him":"himachali",
"hit":"hitita",
"hmn":"hmong",
"ho":"hiri motu",
"hr":"croata",
"hsb":"sorábio superior",
"ht":"haitiano",
"hu":"húngaro",
"hup":"hupa",
"hy":"armênio",
"hz":"herero",
"ia":"interlíngua",
"iba":"iban",
"id":"indonésio",
"ie":"interlingue",
"ig":"ibo",
"ii":"sichuan yi",
"ijo":"ijo",
"ik":"inupiaque",
"ilo":"ilocano",
"inc":"idioma índico",
"ine":"idioma indo-europeu",
"inh":"inguche",
"io":"ido",
"ira":"iraniano",
"iro":"idioma iroquês",
"is":"islandês",
"it":"italiano",
"iu":"inuktitut",
"ja":"japonês",
"jbo":"lojban",
"jgo":"nguemba",
"jpr":"judaico-persa",
"jrb":"judaico-arábico",
"jv":"javanês",
"ka":"georgiano",
"kaa":"kara-kalpak",
"kab":"kabyle",
"kac":"kachin",
"kaj":"jju",
"kam":"kamba",
"kar":"karen",
"kaw":"kawi",
"kbd":"kabardiano",
"kcg":"tyap",
"kea":"kabuverdianu",
"kfo":"koro",
"kg":"congolês",
"kha":"khasi",
"khi":"idioma coisã",
"kho":"khotanês",
"ki":"quicuio",
"kj":"kuanyama",
"kk":"cazaque",
"kl":"groenlandês",
"km":"cmer",
"kmb":"quimbundo",
"kn":"canarês",
"ko":"coreano",
"kok":"concani",
"kos":"kosraean",
"kpe":"kpelle",
"kr":"canúri",
"krc":"karachay-balkar",
"krl":"idioma carélio",
"kro":"kru",
"kru":"kurukh",
"ks":"caxemira",
"ku":"curdo",
"kum":"kumyk",
"kut":"kutenai",
"kv":"komi",
"kw":"córnico",
"ky":"quirguiz",
"la":"latim",
"lad":"ladino",
"lah":"lahnda",
"lam":"lamba",
"lb":"luxemburguês",
"lez":"lezghian",
"lg":"luganda",
"li":"limburguês",
"ln":"lingala",
"lo":"laosiano",
"lol":"mongo",
"loz":"lozi",
"lt":"lituano",
"lu":"luba-catanga",
"lua":"luba-lulua",
"lui":"luiseno",
"lun":"lunda",
"luo":"luo",
"lus":"lushai",
"lv":"letão",
"mad":"madurês",
"mag":"magahi",
"mai":"maithili",
"mak":"makasar",
"man":"mandinga",
"map":"austronésio",
"mas":"massai",
"mdf":"mocsa",
"mdr":"mandar",
"men":"mende",
"mfe":"Morisyen",
"mg":"malgaxe",
"mga":"irlandês médio",
"mgo":"meta'",
"mh":"marshalês",
"mi":"maori",
"mic":"miquemaque",
"min":"minangkabau",
"mis":"idiomas diversos",
"mk":"macedônio",
"mkh":"idioma mon-khmer",
"ml":"malaiala",
"mn":"mongol",
"mnc":"manchu",
"mni":"manipuri",
"mno":"idioma manobo",
"mo":"moldávio",
"moh":"mohawk",
"mos":"mossi",
"mr":"marata",
"ms":"malaio",
"mt":"maltês",
"mul":"idiomas múltiplos",
"mun":"idiomas munda",
"mus":"creek",
"mwl":"mirandês",
"mwr":"marwari",
"my":"birmanês",
"myn":"maia",
"myv":"erzya",
"na":"nauruano",
"nah":"náuatle",
"nai":"idioma indígena norte-americano",
"nap":"napolitano",
"nb":"bokmål norueguês",
"nd":"ndebele do norte",
"nds":"baixo-alemão",
"ne":"nepali",
"new":"newari",
"ng":"dongo",
"nia":"nias",
"nic":"idioma cordofano-nigeriano",
"niu":"niueano",
"nl":"holandês",
"nl_BE":"flamengo",
"nn":"nynorsk norueguês",
"no":"norueguês",
"nog":"nogai",
"non":"nórdico arcaico",
"nqo":"n'ko",
"nr":"ndebele do sul",
"nso":"soto setentrional",
"nub":"idioma núbio",
"nv":"navajo",
"nwc":"newari clássico",
"ny":"nianja",
"nym":"nyamwezi",
"nyn":"nyankole",
"nyo":"nyoro",
"nzi":"nzima",
"oc":"occitânico",
"oj":"ojibwa",
"om":"oromo",
"or":"oriya",
"os":"ossetic",
"osa":"osage",
"ota":"turco otomano",
"oto":"idioma otomano",
"pa":"panjabi",
"paa":"idioma papuano",
"pag":"pangasinã",
"pal":"pálavi",
"pam":"pampanga",
"pap":"papiamento",
"pau":"palauano",
"peo":"persa arcaico",
"phi":"idioma filipino",
"phn":"fenício",
"pi":"páli",
"pl":"polonês",
"pon":"pohnpeian",
"pra":"idioma prácrito",
"pro":"provençal arcaico",
"ps":"pashto",
"pt":"português",
"pt_BR":"português do Brasil",
"pt_PT":"português europeu",
"qu":"quíchua",
"raj":"rajastani",
"rap":"rapanui",
"rar":"rarotongano",
"rm":"romanche",
"rn":"rundi",
"ro":"romeno",
"roa":"idioma românico",
"rof":"rombo",
"rom":"romani",
"ru":"russo",
"rup":"aromeno",
"rw":"kinyarwanda",
"rwk":"rwa",
"sa":"sânscrito",
"sad":"sandawe",
"sah":"iacuto",
"sai":"idioma indígena sul-americano",
"sal":"idioma salisano",
"sam":"aramaico samaritano",
"sas":"sasak",
"sat":"santali",
"sc":"sardo",
"scn":"siciliano",
"sco":"escocês",
"sd":"sindi",
"se":"sami do norte",
"sel":"selkup",
"sem":"idioma semítico",
"sg":"sango",
"sga":"irlandês arcaico",
"sgn":"linguagem de sinais",
"sh":"servo-croata",
"shn":"shan",
"si":"cingalês",
"sid":"sidamo",
"sio":"idioma sioux",
"sit":"idioma sino-tibetano",
"sk":"eslovaco",
"sl":"esloveno",
"sla":"idioma eslavo",
"sm":"samoano",
"sma":"sami do sul",
"smi":"idioma sami",
"smj":"lule sami",
"smn":"inari sami",
"sms":"skolt sami",
"sn":"shona",
"snk":"soninquê",
"so":"somali",
"sog":"sogdiano",
"son":"songai",
"sq":"albanês",
"sr":"sérvio",
"srn":"idioma surinamês",
"srr":"serere",
"ss":"swati",
"ssa":"idioma nilo-saariano",
"st":"soto do sul",
"su":"sundanês",
"suk":"sukuma",
"sus":"sosso",
"sux":"sumério",
"sv":"sueco",
"sw":"suaíli",
"swb":"comoriano",
"syc":"siríaco clássico",
"syr":"siríaco",
"ta":"tâmil",
"tai":"idioma tailandês",
"te":"telugu",
"tem":"timne",
"ter":"tereno",
"tet":"tétum",
"tg":"tadjique",
"th":"tailandês",
"ti":"tigrínia",
"tig":"tigré",
"tiv":"tiv",
"tk":"turcomano",
"tkl":"toquelauano",
"tl":"tagalo",
"tlh":"klingon",
"tli":"tlinguite",
"tmh":"tamaxeque",
"tn":"tswana",
"to":"tonganês",
"tog":"tonganês de Nyasa",
"tpi":"tok pisin",
"tr":"turco",
"ts":"tsonga",
"tsi":"tsimshian",
"tt":"tatar",
"tum":"tumbuka",
"tup":"idioma tupi",
"tut":"idioma altaico",
"tvl":"tuvaluano",
"tw":"twi",
"ty":"taitiano",
"tyv":"tuvinian",
"udm":"udmurt",
"ug":"uigur",
"uga":"ugarítico",
"uk":"ucraniano",
"umb":"umbundu",
"und":"idioma desconhecido",
"ur":"urdu",
"uz":"usbeque",
"vai":"vai",
"ve":"venda",
"vi":"vietnamita",
"vo":"volapuque",
"vot":"votic",
"wa":"valão",
"wae":"walser",
"wak":"idioma wakashan",
"wal":"walamo",
"war":"waray",
"was":"washo",
"wen":"idioma sorábio",
"wo":"uólofe",
"xal":"kalmyk",
"xh":"xosa",
"yao":"yao",
"yap":"yapese",
"yi":"iídiche",
"yo":"ioruba",
"ypk":"idioma iúpique",
"yue":"cantonês",
"za":"zhuang",
"zap":"zapoteca",
"zbl":"símbolos blis",
"zen":"zenaga",
"zgh":"tamazight marroquino padrão",
"zh":"chinês",
"zh_Hans":"chinês simplificado",
"zh_Hant":"chinês tradicional",
"znd":"zande",
"zu":"zulu",
"zun":"zunhi",
"zxx":"sem conteúdo linguístico",
"zza":"zaza"
},
"scripts":{
"Arab":"árabe",
"Armi":"armi",
"Armn":"armênio",
"Avst":"avéstico",
"Bali":"balinês",
"Bamu":"bamum",
"Batk":"bataque",
"Beng":"bengali",
"Blis":"símbolos bliss",
"Bopo":"bopomofo",
"Brah":"brahmi",
"Brai":"braille",
"Bugi":"buginês",
"Buhd":"buhid",
"Cakm":"cakm",
"Cans":"escrita silábica unificada dos aborígenes canadenses",
"Cari":"cariano",
"Cham":"cham",
"Cher":"cherokee",
"Cirt":"cirth",
"Copt":"cóptico",
"Cprt":"cipriota",
"Cyrl":"cirílico",
"Cyrs":"cirílico eslavo eclesiástico",
"Deva":"devanágari",
"Dsrt":"deseret",
"Egyd":"demótico egípcio",
"Egyh":"hierático egípcio",
"Egyp":"hieróglifos egípcios",
"Ethi":"etiópico",
"Geok":"khutsuri georgiano",
"Geor":"georgiano",
"Glag":"glagolítico",
"Goth":"gótico",
"Grek":"grego",
"Gujr":"gujerati",
"Guru":"gurmuqui",
"Hang":"hangul",
"Hani":"han",
"Hano":"hanunoo",
"Hans":"simplificado",
"Hant":"tradicional",
"Hebr":"hebraico",
"Hira":"hiragana",
"Hmng":"pahawh hmong",
"Hrkt":"katakana ou hiragana",
"Hung":"húngaro antigo",
"Inds":"indo",
"Ital":"itálico antigo",
"Java":"javanês",
"Jpan":"japonês",
"Kali":"kayah li",
"Kana":"katakana",
"Khar":"kharoshthi",
"Khmr":"khmer",
"Knda":"kannada",
"Kore":"coreano",
"Kthi":"kthi",
"Lana":"lanna",
"Laoo":"lao",
"Latf":"latim fraktur",
"Latg":"latim gaélico",
"Latn":"latim",
"Lepc":"lepcha",
"Limb":"limbu",
"Lina":"A linear",
"Linb":"B linear",
"Lisu":"lisu",
"Lyci":"lício",
"Lydi":"lídio",
"Mand":"mandaico",
"Mani":"maniqueano",
"Maya":"hieróglifos maias",
"Merc":"meroítico cursivo",
"Mero":"meroítico",
"Mlym":"malaiala",
"Mong":"mongol",
"Moon":"moon",
"Mtei":"meitei mayek",
"Mymr":"birmanês",
"Nkoo":"n'ko",
"Ogam":"ogâmico",
"Olck":"ol chiki",
"Orkh":"orkhon",
"Orya":"oriya",
"Osma":"osmania",
"Perm":"pérmico antigo",
"Phag":"phags-pa",
"Phli":"phli",
"Phlp":"phlp",
"Phlv":"pahlavi antigo",
"Phnx":"fenício",
"Plrd":"fonético pollard",
"Prti":"prti",
"Rjng":"rejang",
"Roro":"rongorongo",
"Runr":"rúnico",
"Samr":"samaritano",
"Sara":"sarati",
"Saur":"saurashtra",
"Sgnw":"signwriting",
"Shaw":"shaviano",
"Sinh":"cingalês",
"Sund":"sundanês",
"Sylo":"syloti nagri",
"Syrc":"siríaco",
"Syre":"siríaco estrangelo",
"Syrj":"siríaco ocidental",
"Syrn":"siríaco oriental",
"Tagb":"tagbanwa",
"Tale":"tai Le",
"Talu":"novo tai lue",
"Taml":"tâmil",
"Tavt":"tavt",
"Telu":"télugo",
"Teng":"tengwar",
"Tfng":"tifinagh",
"Tglg":"tagalo",
"Thaa":"thaana",
"Thai":"tailandês",
"Tibt":"tibetano",
"Ugar":"ugarítico",
"Vaii":"vai",
"Visp":"visible speech",
"Xpeo":"persa antigo",
"Xsux":"sumério-acadiano cuneiforme",
"Yiii":"yi",
"Zinh":"herdado",
"Zmth":"zmth",
"Zsym":"zsym",
"Zxxx":"ágrafo",
"Zyyy":"comum",
"Zzzz":"escrita desconhecida"
},
"territories":{
"001":"Mundo",
"002":"África",
"003":"América do Norte",
"005":"América do Sul",
"009":"Oceania",
"011":"África Ocidental",
"013":"América Central",
"014":"África Oriental",
"015":"África do Norte",
"017":"África Central",
"018":"África Austral",
"019":"Américas",
"021":"América Setentrional",
"029":"Caribe",
"030":"Ásia Oriental",
"034":"Ásia do Sul",
"035":"Ásia Centro-Oriental",
"039":"Europa do Sul",
"053":"Australásia",
"054":"Melanésia",
"057":"Região da Micronésia",
"061":"Polinésia",
"142":"Ásia",
"143":"Ásia Central",
"145":"Ásia Ocidental",
"150":"Europa",
"151":"Europa Oriental",
"154":"Europa Setentrional",
"155":"Europa Ocidental",
"419":"América Latina",
"AC":"Ilha de Ascensão",
"AD":"Andorra",
"AE":"Emirados Árabes Unidos",
"AF":"Afeganistão",
"AG":"Antígua e Barbuda",
"AI":"Anguilla",
"AL":"Albânia",
"AM":"Armênia",
"AN":"Antilhas Holandesas",
"AO":"Angola",
"AQ":"Antártida",
"AR":"Argentina",
"AS":"Samoa Americana",
"AT":"Áustria",
"AU":"Austrália",
"AW":"Aruba",
"AX":"Ilhas Åland",
"AZ":"Azerbaijão",
"BA":"Bósnia e Herzegovina",
"BB":"Barbados",
"BD":"Bangladesh",
"BE":"Bélgica",
"BF":"Burquina Faso",
"BG":"Bulgária",
"BH":"Bahrein",
"BI":"Burundi",
"BJ":"Benin",
"BL":"São Bartolomeu",
"BM":"Bermudas",
"BN":"Brunei",
"BO":"Bolívia",
"BQ":"Países Baixos Caribenhos",
"BR":"Brasil",
"BS":"Bahamas",
"BT":"Butão",
"BV":"Ilha Bouvet",
"BW":"Botsuana",
"BY":"Bielorrússia",
"BZ":"Belize",
"CA":"Canadá",
"CC":"Ilhas Coco",
"CD":"Congo - Kinshasa",
"CF":"República Centro-Africana",
"CG":"Congo - Brazzaville",
"CH":"Suíça",
"CI":"Costa do Marfim",
"CK":"Ilhas Cook",
"CL":"Chile",
"CM":"República dos Camarões",
"CN":"China",
"CO":"Colômbia",
"CP":"Ilha de Clipperton",
"CR":"Costa Rica",
"CU":"Cuba",
"CV":"Cabo Verde",
"CW":"Curaçao",
"CX":"Ilhas Natal",
"CY":"Chipre",
"CZ":"República Tcheca",
"DE":"Alemanha",
"DG":"Diego Garcia",
"DJ":"Djibuti",
"DK":"Dinamarca",
"DM":"Dominica",
"DO":"República Dominicana",
"DZ":"Argélia",
"EA":"Ceuta e Melilha",
"EC":"Equador",
"EE":"Estônia",
"EG":"Egito",
"EH":"Saara Ocidental",
"ER":"Eritreia",
"ES":"Espanha",
"ET":"Etiópia",
"EU":"União Europeia",
"FI":"Finlândia",
"FJ":"Fiji",
"FK":"Ilhas Malvinas",
"FM":"Micronésia",
"FO":"Ilhas Faroe",
"FR":"França",
"GA":"Gabão",
"GB":"Reino Unido",
"GD":"Granada",
"GE":"Geórgia",
"GF":"Guiana Francesa",
"GG":"Guernsey",
"GH":"Gana",
"GI":"Gibraltar",
"GL":"Groênlandia",
"GM":"Gâmbia",
"GN":"Guiné",
"GP":"Guadalupe",
"GQ":"Guiné Equatorial",
"GR":"Grécia",
"GS":"Geórgia do Sul e Ilhas Sandwich do Sul",
"GT":"Guatemala",
"GU":"Guam",
"GW":"Guiné Bissau",
"GY":"Guiana",
"HK":"Hong Kong, RAE da China",
"HM":"Ilha Heard e Ilhas McDonald",
"HN":"Honduras",
"HR":"Croácia",
"HT":"Haiti",
"HU":"Hungria",
"IC":"Ilhas Canárias",
"ID":"Indonésia",
"IE":"Irlanda",
"IL":"Israel",
"IM":"Ilha de Man",
"IN":"Índia",
"IO":"Território Britânico do Oceano Índico",
"IQ":"Iraque",
"IR":"Irã",
"IS":"Islândia",
"IT":"Itália",
"JE":"Jersey",
"JM":"Jamaica",
"JO":"Jordânia",
"JP":"Japão",
"KE":"Quênia",
"KG":"Quirguistão",
"KH":"Camboja",
"KI":"Quiribati",
"KM":"Comores",
"KN":"São Cristovão e Nevis",
"KP":"Coreia do Norte",
"KR":"Coreia do Sul",
"KW":"Kuwait",
"KY":"Ilhas Caiman",
"KZ":"Cazaquistão",
"LA":"Laos",
"LB":"Líbano",
"LC":"Santa Lúcia",
"LI":"Liechtenstein",
"LK":"Sri Lanka",
"LR":"Libéria",
"LS":"Lesoto",
"LT":"Lituânia",
"LU":"Luxemburgo",
"LV":"Letônia",
"LY":"Líbia",
"MA":"Marrocos",
"MC":"Mônaco",
"MD":"Moldávia",
"ME":"Montenegro",
"MF":"São Martinho",
"MG":"Madagascar",
"MH":"Ilhas Marshall",
"MK":"Macedônia",
"ML":"Mali",
"MM":"Mianmar (Birmânia)",
"MN":"Mongólia",
"MO":"Macau, RAE da China",
"MP":"Ilhas Marianas do Norte",
"MQ":"Martinica",
"MR":"Mauritânia",
"MS":"Montserrat",
"MT":"Malta",
"MU":"Maurício",
"MV":"Maldivas",
"MW":"Malawi",
"MX":"México",
"MY":"Malásia",
"MZ":"Moçambique",
"NA":"Namíbia",
"NC":"Nova Caledônia",
"NE":"Níger",
"NF":"Ilha Norfolk",
"NG":"Nigéria",
"NI":"Nicarágua",
"NL":"Holanda",
"NO":"Noruega",
"NP":"Nepal",
"NR":"Nauru",
"NU":"Niue",
"NZ":"Nova Zelândia",
"OM":"Omã",
"PA":"Panamá",
"PE":"Peru",
"PF":"Polinésia Francesa",
"PG":"Papua-Nova Guiné",
"PH":"Filipinas",
"PK":"Paquistão",
"PL":"Polônia",
"PM":"Saint Pierre e Miquelon",
"PN":"Ilhas Pitcairn",
"PR":"Porto Rico",
"PS":"Territórios palestinos",
"PT":"Portugal",
"PW":"Palau",
"PY":"Paraguai",
"QA":"Catar",
"QO":"Oceania Remota",
"RE":"Reunião",
"RO":"Romênia",
"RS":"Sérvia",
"RU":"Rússia",
"RW":"Ruanda",
"SA":"Arábia Saudita",
"SB":"Ilhas Salomão",
"SC":"Seychelles",
"SD":"Sudão",
"SE":"Suécia",
"SG":"Cingapura",
"SH":"Santa Helena",
"SI":"Eslovênia",
"SJ":"Svalbard e Jan Mayen",
"SK":"Eslováquia",
"SL":"Serra Leoa",
"SM":"San Marino",
"SN":"Senegal",
"SO":"Somália",
"SR":"Suriname",
"SS":"Sudão do Sul",
"ST":"São Tomé e Príncipe",
"SV":"El Salvador",
"SX":"Sint Maarten",
"SY":"Síria",
"SZ":"Suazilândia",
"TA":"Tristão da Cunha",
"TC":"Ilhas Turks e Caicos",
"TD":"Chade",
"TF":"Territórios Franceses do Sul",
"TG":"Togo",
"TH":"Tailândia",
"TJ":"Tadjiquistão",
"TK":"Tokelau",
"TL":"Timor-Leste",
"TM":"Turcomenistão",
"TN":"Tunísia",
"TO":"Tonga",
"TR":"Turquia",
"TT":"Trinidad e Tobago",
"TV":"Tuvalu",
"TW":"Taiwan",
"TZ":"Tanzânia",
"UA":"Ucrânia",
"UG":"Uganda",
"UM":"Ilhas Distantes dos EUA",
"US":"Estados Unidos",
"UY":"Uruguai",
"UZ":"Uzbequistão",
"VA":"Cidade do Vaticano",
"VC":"São Vicente e Granadinas",
"VE":"Venezuela",
"VG":"Ilhas Virgens Britânicas",
"VI":"Ilhas Virgens dos EUA",
"VN":"Vietnã",
"VU":"Vanuatu",
"WF":"Wallis e Futuna",
"WS":"Samoa",
"XK":"Kosovo",
"YE":"Iêmen",
"YT":"Mayotte",
"ZA":"África do Sul",
"ZM":"Zâmbia",
"ZW":"Zimbábue",
"ZZ":"Região desconhecida"
},
"orientation":"left-to-right",
"dateFormat-full":"EEEE, d 'de' MMMM 'de' y",
"dateFormat-long":"d 'de' MMMM 'de' y",
"dateFormat-medium":"dd/MM/y",
"dateFormat-short":"dd/MM/yy",
"timeFormat-full":"HH:mm:ss zzzz",
"timeFormat-long":"HH:mm:ss z",
"timeFormat-medium":"HH:mm:ss",
"timeFormat-short":"HH:mm",
"dateTimeFormat-full":"{1} {0}",
"dateTimeFormat-long":"{1} {0}",
"dateTimeFormat-medium":"{1} {0}",
"dateTimeFormat-short":"{1} {0}",
"intervalFormatFallback":"{0} - {1}",
"intervalFormat-d-d":"d-d",
"intervalFormat-h-a":"h'h' a - h'h' a",
"intervalFormat-h-h":"h'h' - h'h' a",
"intervalFormat-H-H":"HH'h' - HH'h'",
"intervalFormat-hm-a":"h:mm a – h:mm a",
"intervalFormat-hm-h":"h:mm–h:mm a",
"intervalFormat-hm-m":"h:mm–h:mm a",
"intervalFormat-Hm-H":"HH:mm–HH:mm",
"intervalFormat-Hm-m":"HH:mm–HH:mm",
"intervalFormat-hmv-a":"h:mm a – h:mm a v",
"intervalFormat-hmv-h":"h:mm–h:mm a v",
"intervalFormat-hmv-m":"h:mm–h:mm a v",
"intervalFormat-Hmv-H":"HH:mm–HH:mm v",
"intervalFormat-Hmv-m":"HH:mm–HH:mm v",
"intervalFormat-hv-a":"h a - h a v",
"intervalFormat-hv-h":"h - h a v",
"intervalFormat-Hv-H":"HH - HH v",
"intervalFormat-M-M":"M-M",
"intervalFormat-Md-d":"dd/MM - dd/MM",
"intervalFormat-Md-M":"dd/MM - dd/MM",
"intervalFormat-MEd-d":"E, dd/MM - E, dd/MM",
"intervalFormat-MEd-M":"E, dd/MM - E, dd/MM",
"intervalFormat-MMM-M":"MMM - MMM",
"intervalFormat-MMMd-d":"d-d 'de' MMM",
"intervalFormat-MMMd-M":"d 'de' MMM - d 'de' MMM",
"intervalFormat-MMMEd-d":"E, d - E, d 'de' MMM",
"intervalFormat-MMMEd-M":"E, d 'de' MMM - E, d 'de' MMM",
"intervalFormat-y-y":"y - y",
"intervalFormat-yM-M":"MM/y - MM/y",
"intervalFormat-yM-y":"MM/y - MM/y",
"intervalFormat-yMd-d":"dd/MM/y - dd/MM/y",
"intervalFormat-yMd-M":"dd/MM/y - dd/MM/y",
"intervalFormat-yMd-y":"dd/MM/y - dd/MM/y",
"intervalFormat-yMEd-d":"E, dd/MM/y - E, dd/MM/y",
"intervalFormat-yMEd-M":"E, dd/MM/y - E, dd/MM/y",
"intervalFormat-yMEd-y":"E, dd/MM/y - E, dd/MM/y",
"intervalFormat-yMMM-M":"MMM-MMM 'de' y",
"intervalFormat-yMMM-y":"MMM 'de' y - MMM 'de' y",
"intervalFormat-yMMMd-d":"d-d 'de' MMM 'de' y",
"intervalFormat-yMMMd-M":"d 'de' MMM - d 'de' MMM 'de' y",
"intervalFormat-yMMMd-y":"d 'de' MMM 'de' y - d 'de' MMM 'de' y",
"intervalFormat-yMMMEd-d":"E, d - E, d 'de' MMM 'de' y",
"intervalFormat-yMMMEd-M":"E, d 'de' MMM - E, d 'de' MMM 'de' y",
"intervalFormat-yMMMEd-y":"E, d 'de' MMM 'de' y - E, d 'de' MMM 'de' y",
"intervalFormat-yMMMM-M":"MMMM - MMMM 'de' y",
"intervalFormat-yMMMM-y":"MMMM 'de' y - MMMM 'de' y",
"months-format-abbreviated":[
"jan",
"fev",
"mar",
"abr",
"mai",
"jun",
"jul",
"ago",
"set",
"out",
"nov",
"dez"],
"months-format-narrow":[
"J",
"F",
"M",
"A",
"M",
"J",
"J",
"A",
"S",
"O",
"N",
"D"],
"months-format-wide":[
"janeiro",
"fevereiro",
"março",
"abril",
"maio",
"junho",
"julho",
"agosto",
"setembro",
"outubro",
"novembro",
"dezembro"],
"months-standAlone-abbreviated":[
"jan",
"fev",
"mar",
"abr",
"mai",
"jun",
"jul",
"ago",
"set",
"out",
"nov",
"dez"],
"months-standAlone-narrow":[
"J",
"F",
"M",
"A",
"M",
"J",
"J",
"A",
"S",
"O",
"N",
"D"],
"months-standAlone-wide":[
"janeiro",
"fevereiro",
"março",
"abril",
"maio",
"junho",
"julho",
"agosto",
"setembro",
"outubro",
"novembro",
"dezembro"],
"days-format-abbreviated":[
"dom",
"seg",
"ter",
"qua",
"qui",
"sex",
"sáb"],
"days-format-narrow":[
"D",
"S",
"T",
"Q",
"Q",
"S",
"S"],
"days-format-short":[
"dom",
"seg",
"ter",
"qua",
"qui",
"sex",
"sáb"],
"days-format-wide":[
"domingo",
"segunda-feira",
"terça-feira",
"quarta-feira",
"quinta-feira",
"sexta-feira",
"sábado"],
"days-standAlone-abbreviated":[
"dom",
"seg",
"ter",
"qua",
"qui",
"sex",
"sáb"],
"days-standAlone-narrow":[
"D",
"S",
"T",
"Q",
"Q",
"S",
"S"],
"days-standAlone-short":[
"dom",
"seg",
"ter",
"qua",
"qui",
"sex",
"sáb"],
"days-standAlone-wide":[
"domingo",
"segunda-feira",
"terça-feira",
"quarta-feira",
"quinta-feira",
"sexta-feira",
"sábado"],
"quarters-format-abbreviated":[
"T1",
"T2",
"T3",
"T4"],
"quarters-format-narrow":[
"1",
"2",
"3",
"4"],
"quarters-format-wide":[
"1º trimestre",
"2º trimestre",
"3º trimestre",
"4º trimestre"],
"quarters-standAlone-abbreviated":[
"T1",
"T2",
"T3",
"T4"],
"quarters-standAlone-narrow":[
"1",
"2",
"3",
"4"],
"quarters-standAlone-wide":[
"1º trimestre",
"2º trimestre",
"3º trimestre",
"4º trimestre"],
"dayPeriods-format-abbreviated":[
"AM",
"PM"],
"dayPeriods-format-narrow":[
"a",
"p"],
"dayPeriods-format-wide":[
"AM",
"PM"],
"dayPeriods-standAlone-abbreviated":[
"AM",
"PM"],
"dayPeriods-standAlone-narrow":[
"a",
"p"],
"dayPeriods-standAlone-wide":[
"AM",
"PM"],
"decimalFormat":{
"standard":"#,##0.###"},
"decimalFormat-long":{
"1000-one":"0 mil",
"1000-other":"0 mil",
"10000-one":"00 mil",
"10000-other":"00 mil",
"100000-one":"000 mil",
"100000-other":"000 mil",
"1000000-one":"0 milhão",
"1000000-other":"0 milhões",
"10000000-one":"00 milhão",
"10000000-other":"00 milhões",
"100000000-one":"000 milhão",
"100000000-other":"000 milhões",
"1000000000-one":"0 bilhão",
"1000000000-other":"0 bilhões",
"10000000000-one":"00 bilhão",
"10000000000-other":"00 bilhões",
"100000000000-one":"000 bilhão",
"100000000000-other":"000 bilhões",
"1000000000000-one":"0 trilhão",
"1000000000000-other":"0 trilhões",
"10000000000000-one":"00 trilhão",
"10000000000000-other":"00 trilhões",
"100000000000000-one":"000 trilhão",
"100000000000000-other":"000 trilhões"},
"decimalFormat-short":{
"1000-one":"0 mil",
"1000-other":"0 mil",
"10000-one":"00 mil",
"10000-other":"00 mil",
"100000-one":"000 mil",
"100000-other":"000 mil",
"1000000-one":"0 mi",
"1000000-other":"0 mi",
"10000000-one":"00 mi",
"10000000-other":"00 mi",
"100000000-one":"000 mi",
"100000000-other":"000 mi",
"1000000000-one":"0 bi",
"1000000000-other":"0 bi",
"10000000000-one":"00 bi",
"10000000000-other":"00 bi",
"100000000000-one":"000 bi",
"100000000000-other":"000 bi",
"1000000000000-one":"0 tri",
"1000000000000-other":"0 tri",
"10000000000000-one":"00 tri",
"10000000000000-other":"00 tri",
"100000000000000-one":"000 tri",
"100000000000000-other":"000 tri"},
"scientificFormat":{
"standard":"#E0"},
"percentFormat":{
"standard":"#,##0%"},
"currencyFormat":{
"standard":"¤#,##0.00",
"accounting":"¤#,##0.00;(¤#,##0.00)"},
"symbols-latn-decimal":",",
"symbols-latn-group":".",
"symbols-latn-list":";",
"symbols-latn-percentSign":"%",
"symbols-latn-plusSign":"+",
"symbols-latn-minusSign":"-",
"symbols-latn-exponential":"E",
"symbols-latn-superscriptingExponent":"×",
"symbols-latn-perMille":"‰",
"symbols-latn-infinity":"∞",
"symbols-latn-nan":"NaN",
"currencyDigits":{
"ADP":0,
"AFN":0,
"ALL":0,
"AMD":0,
"BHD":3,
"BIF":0,
"BYR":0,
"CAD":2,
"CHF":2,
"CLF":0,
"CLP":0,
"COP":0,
"CRC":0,
"DEFAULT":2,
"DJF":0,
"ESP":0,
"GNF":0,
"GYD":0,
"HUF":0,
"IDR":0,
"IQD":0,
"IRR":0,
"ISK":0,
"ITL":0,
"JOD":3,
"JPY":0,
"KMF":0,
"KPW":0,
"KRW":0,
"KWD":3,
"LAK":0,
"LBP":0,
"LUF":0,
"LYD":3,
"MGA":0,
"MGF":0,
"MMK":0,
"MNT":0,
"MRO":0,
"MUR":0,
"OMR":3,
"PKR":0,
"PYG":0,
"RSD":0,
"RWF":0,
"SLL":0,
"SOS":0,
"STD":0,
"SYP":0,
"TMM":0,
"TND":3,
"TRL":0,
"TZS":0,
"TWD":2,
"UGX":0,
"UZS":0,
"VND":0,
"VUV":0,
"XAF":0,
"XOF":0,
"XPF":0,
"YER":0,
"ZMK":0,
"ZWD":0
},
"currencySymbols":{
"AUD":"A$",
"BRL":"R$",
"CAD":"CA$",
"CNY":"CN¥",
"EUR":"€",
"GBP":"£",
"HKD":"HK$",
"ILS":"₪",
"INR":"₹",
"JPY":"JP¥",
"KRW":"₩",
"MXN":"MX$",
"NZD":"NZ$",
"THB":"฿",
"TWD":"NT$",
"USD":"US$",
"VND":"₫",
"XAF":"FCFA",
"XCD":"EC$",
"XOF":"CFA",
"XPF":"CFPF"
},
"weekData-minDays":1,
"weekData-firstDay":0,
"weekData-weekendStart":6,
"weekData-weekendEnd":0
}