{
"__license":"This file has been derived from Unicode Common Locale Data Repository (CLDR) files (http://cldr.unicode.org). See the copyright and permission notice in the Unicode-Data-Files-LICENSE.txt available at the same location as this file or visit http://www.unicode.org/copyright.html",
"languages":{
"aa":"阿法文",
"ab":"阿布哈茲文",
"ace":"亞齊文",
"ach":"阿僑利文",
"ada":"阿當莫文",
"ady":"阿迪各文",
"ae":"阿緯斯陀文",
"af":"南非荷蘭文",
"afa":"亞非諸語言",
"afh":"阿弗里希利文",
"agq":"亞罕文",
"ain":"愛努文",
"ak":"阿坎文",
"akk":"阿卡德文",
"ale":"阿留申文",
"alg":"阿爾岡昆諸語言",
"alt":"南阿爾泰文",
"am":"阿姆哈拉文",
"an":"阿拉貢文",
"ang":"古英文",
"anp":"昂加文",
"apa":"阿帕切諸語言",
"ar":"阿拉伯文",
"ar_001":"現代標準阿拉伯文",
"arc":"阿拉米文",
"arn":"阿勞坎文",
"arp":"阿拉帕霍文",
"art":"人工語言",
"arw":"阿拉瓦克文",
"as":"阿薩姆文",
"asa":"阿蘇文",
"ast":"阿斯圖里亞文",
"ath":"阿薩帕斯坎諸語言",
"aus":"澳洲諸語言",
"av":"阿瓦爾文",
"awa":"阿瓦文",
"ay":"艾馬拉文",
"az":"亞塞拜然文",
"ba":"巴什客爾文",
"bad":"班達文",
"bai":"巴米累克諸語言",
"bal":"俾路支文",
"ban":"峇里文",
"bas":"巴薩文",
"bat":"波羅的海諸語言",
"bax":"巴姆穆文",
"bbj":"戈馬拉文",
"be":"白俄羅斯文",
"bej":"貝扎文",
"bem":"別姆巴文",
"ber":"柏柏爾文",
"bez":"貝納文",
"bfd":"富特文",
"bg":"保加利亞文",
"bh":"比哈爾文",
"bho":"博傑普爾文",
"bi":"比斯拉馬文",
"bik":"比科爾文",
"bin":"比尼文",
"bkm":"康姆文",
"bla":"錫克錫卡文",
"bm":"班巴拉文",
"bn":"孟加拉文",
"bnt":"班圖諸語言",
"bo":"藏文",
"br":"布里多尼文",
"bra":"布拉杰文",
"brx":"博多文",
"bs":"波士尼亞文",
"bss":"阿庫色文",
"btk":"巴塔克文",
"bua":"布里阿特文",
"bug":"布吉斯文",
"bum":"布魯文",
"byn":"比林文",
"byv":"梅敦巴文",
"ca":"加泰羅尼亞文",
"cad":"卡多文",
"cai":"中美印第安諸語言",
"car":"加勒比文",
"cau":"高加索諸語言",
"cay":"卡尤加文",
"cch":"阿燦文",
"ce":"車臣文",
"ceb":"宿霧文",
"cel":"凱爾特諸語言",
"cgg":"奇加文",
"ch":"查莫洛文",
"chb":"奇布查文",
"chg":"查加文",
"chk":"處奇斯文",
"chm":"馬里文",
"chn":"契奴克文",
"cho":"喬克托文",
"chp":"奇佩瓦揚文",
"chr":"柴羅基文",
"chy":"沙伊安文",
"ckb":"索拉尼庫爾德文",
"cmc":"佔語諸語言",
"co":"科西嘉文",
"cop":"科普特文",
"cpe":"源自英文的克里奧爾文和皮欽文",
"cpf":"源自法文的克里奧爾文和皮欽文",
"cpp":"源自葡萄牙文的克里奧爾文和皮欽文",
"cr":"克裡文",
"crh":"克里米亞半島的土耳其文；克里米亞半島的塔塔爾文",
"crp":"克里奧爾文和皮欽文",
"cs":"捷克文",
"csb":"卡舒布文",
"cu":"宗教斯拉夫文",
"cus":"庫施特諸語言",
"cv":"楚瓦什文",
"cy":"威爾斯文",
"da":"丹麥文",
"dak":"達科他文",
"dar":"達爾格瓦文",
"dav":"台塔文",
"day":"迪雅克文",
"de":"德文",
"de_AT":"德文 (奧地利)",
"de_CH":"高地德文 (瑞士)",
"del":"德拉瓦文",
"den":"斯拉夫",
"dgr":"多格里布文",
"din":"丁卡文",
"dje":"扎爾馬文",
"doi":"多格來文",
"dra":"德拉威諸語言",
"dsb":"下索布文",
"dua":"杜亞拉文",
"dum":"中古荷蘭文",
"dv":"迪維西文",
"dyo":"朱拉文",
"dyu":"迪尤拉文",
"dz":"宗卡文",
"dzg":"達薩文",
"ebu":"恩布文",
"ee":"埃維文",
"efi":"埃菲克文",
"egy":"古埃及文",
"eka":"艾卡朱克文",
"el":"希臘文",
"elx":"埃蘭文",
"en":"英文",
"en_AU":"英文 (澳洲)",
"en_CA":"英文 (加拿大)",
"en_GB":"英文 (英國)",
"en_US":"英文 (美國)",
"enm":"中古英文",
"eo":"世界文",
"es":"西班牙文",
"es_419":"西班牙文 (拉丁美洲)",
"es_ES":"西班牙文 (歐洲)",
"es_MX":"西班牙文 (墨西哥)",
"et":"愛沙尼亞文",
"eu":"巴斯克文",
"ewo":"依汪都文",
"fa":"波斯文",
"fan":"芳族文",
"fat":"芳蒂文",
"ff":"富拉文",
"fi":"芬蘭文",
"fil":"菲律賓文",
"fiu":"芬烏諸語言",
"fj":"斐濟文",
"fo":"法羅文",
"fon":"豐文",
"fr":"法文",
"fr_CA":"加拿大法文",
"fr_CH":"法文 (瑞士)",
"frm":"中古法文",
"fro":"古法文",
"frr":"北弗里西亞文",
"frs":"東弗里西亞文",
"fur":"弗留利文",
"fy":"西弗里西亞文",
"ga":"愛爾蘭文",
"gaa":"加族文",
"gay":"加約文",
"gba":"葛巴亞文",
"gd":"蘇格蘭蓋爾文",
"gem":"日耳曼諸語言",
"gez":"吉茲文",
"gil":"吉爾伯特群島文",
"gl":"加里西亞文",
"gmh":"中古高地德文",
"gn":"瓜拉尼文",
"goh":"古高地日耳曼文",
"gon":"岡德文",
"gor":"科隆達羅文",
"got":"哥德文",
"grb":"格列博文",
"grc":"古希臘文",
"gsw":"德文（瑞士）",
"gu":"古吉拉特文",
"guz":"古西文",
"gv":"曼島文",
"gwi":"圭契文",
"ha":"豪撒文",
"hai":"海達文",
"haw":"夏威夷文",
"he":"希伯來文",
"hi":"北印度文",
"hil":"希利蓋農文",
"him":"赫馬查利文",
"hit":"赫梯文",
"hmn":"孟文",
"ho":"西里莫圖土文",
"hr":"克羅埃西亞文",
"hsb":"上索布文",
"ht":"海地文",
"hu":"匈牙利文",
"hup":"胡帕文",
"hy":"亞美尼亞文",
"hz":"赫雷羅文",
"ia":"國際文",
"iba":"伊班文",
"ibb":"伊比比奧文",
"id":"印尼文",
"ie":"國際文（E）",
"ig":"伊布文",
"ii":"四川彝文",
"ijo":"伊喬文",
"ik":"依奴皮維克文",
"ilo":"伊洛闊文",
"inc":"印度諸語言",
"ine":"印歐諸語言",
"inh":"印古什文",
"io":"伊多文",
"ira":"伊朗諸語言",
"iro":"易洛魁文",
"is":"冰島文",
"it":"義大利文",
"iu":"因紐特文",
"ja":"日文",
"jbo":"邏輯文",
"jgo":"恩艮巴",
"jmc":"馬恰美文",
"jpr":"猶太教-波斯文",
"jrb":"猶太阿拉伯文",
"jv":"爪哇文",
"ka":"喬治亞文",
"kaa":"卡拉卡爾帕克文",
"kab":"卡比爾文",
"kac":"卡琴文",
"kaj":"卡捷文",
"kam":"卡姆巴文",
"kar":"克倫文",
"kaw":"卡威文",
"kbd":"卡巴爾達文",
"kbl":"卡念布文",
"kcg":"卡塔布文",
"kde":"馬孔德文",
"kea":"卡布威爾第文",
"kfo":"科羅文",
"kg":"剛果文",
"kha":"卡西文",
"khi":"科依桑諸語言",
"kho":"和闐文",
"khq":"西桑海文",
"ki":"吉庫尤文",
"kj":"廣亞馬文",
"kk":"哈薩克文",
"kkj":"卡庫文",
"kl":"格陵蘭文",
"kln":"卡倫金文",
"km":"高棉文",
"kmb":"金邦杜文",
"kn":"坎那達文",
"ko":"韓文",
"kok":"貢根文",
"kos":"科斯雷恩文",
"kpe":"克佩列文",
"kr":"卡努裡文",
"krc":"卡拉柴-包爾卡爾文",
"krl":"卡累利阿文",
"kro":"克魯文",
"kru":"庫魯科文",
"ks":"喀什米爾文",
"ksb":"尚巴拉文",
"ksf":"巴菲亞文",
"ksh":"科隆文",
"ku":"庫爾德文",
"kum":"庫密克文",
"kut":"庫特奈文",
"kv":"科米文",
"kw":"康瓦耳文",
"ky":"吉爾吉斯文",
"la":"拉丁文",
"lad":"拉迪諾文",
"lag":"朗吉文",
"lah":"拉亨達文",
"lam":"蘭巴文",
"lb":"盧森堡文",
"lez":"列茲干文",
"lg":"干達文",
"li":"林堡文",
"ln":"林加拉文",
"lo":"寮文",
"lol":"芒戈文",
"loz":"洛齊文",
"lt":"立陶宛文",
"lu":"魯巴加丹加文",
"lua":"魯巴魯魯亞文",
"lui":"路易塞諾文",
"lun":"盧恩達文",
"luo":"盧奧文",
"lus":"盧晒文",
"luy":"盧雅文",
"lv":"拉脫維亞文",
"mad":"馬都拉文",
"maf":"馬法文",
"mag":"馬加伊文",
"mai":"邁蒂利文",
"mak":"望加錫文",
"man":"曼丁哥文",
"map":"南島諸語言",
"mas":"馬賽文",
"mde":"馬巴文",
"mdf":"莫克沙文",
"mdr":"曼達文",
"men":"門德文",
"mer":"梅魯文",
"mfe":"克里奧文（模里西斯）",
"mg":"馬爾加什文",
"mga":"中古愛爾蘭文",
"mgh":"馬夸文",
"mgo":"梅塔",
"mh":"馬紹爾文",
"mi":"毛利文",
"mic":"米克馬克文",
"min":"米南卡堡文",
"mis":"混雜語諸語言",
"mk":"馬其頓文",
"mkh":"孟高棉諸語言",
"ml":"馬來亞拉姆文",
"mn":"蒙古文",
"mnc":"滿族文",
"mni":"曼尼普裡文",
"mno":"馬諾博諸語言",
"mo":"摩爾多瓦文",
"moh":"莫霍克文",
"mos":"莫西文",
"mr":"馬拉地文",
"ms":"馬來文",
"mt":"馬爾他文",
"mua":"蒙當文",
"mul":"多種語言",
"mun":"蒙達諸語言",
"mus":"克里克文",
"mwl":"米蘭德斯文",
"mwr":"馬爾尼裡文",
"my":"緬甸文",
"mye":"姆耶內文",
"myn":"馬雅諸語言",
"myv":"厄爾茲亞文",
"na":"諾魯文",
"nah":"納瓦特文",
"nai":"北美印第安諸語言",
"nap":"拿波里文",
"naq":"納馬文",
"nb":"巴克摩挪威文",
"nd":"北地畢列文",
"nds":"低地德文",
"ne":"尼泊爾文",
"new":"尼瓦爾文",
"ng":"恩東加文",
"nia":"尼亞斯文",
"nic":"尼日爾科爾多凡諸語言",
"niu":"紐埃文",
"nl":"荷蘭文",
"nl_BE":"佛蘭芒文",
"nmg":"夸西奧文",
"nn":"耐諾斯克挪威文",
"nnh":"恩甘澎文",
"no":"挪威文",
"nog":"諾蓋文",
"non":"古諾爾斯文",
"nqo":"西非書面語言（N'ko）",
"nr":"南地畢列文",
"nso":"北索托文",
"nub":"努比亞諸語言",
"nus":"努埃爾文",
"nv":"納瓦霍文",
"nwc":"古尼瓦爾文",
"ny":"尼揚賈文",
"nym":"尼揚韋齊文",
"nyn":"尼揚科萊文",
"nyo":"尼奧囉文",
"nzi":"尼茲馬文",
"oc":"奧克西坦文",
"oj":"奧杰布瓦文",
"om":"奧羅莫文",
"or":"歐利亞文",
"os":"奧塞提文",
"osa":"歐塞奇文",
"ota":"鄂圖曼土耳其文",
"oto":"奧托米諸語言",
"pa":"旁遮普文",
"paa":"巴布亞諸語言",
"pag":"潘加辛文",
"pal":"巴列維文",
"pam":"潘帕嘉文",
"pap":"帕皮阿門托文",
"pau":"帛琉文",
"peo":"古波斯文",
"phi":"菲律賓諸語言",
"phn":"腓尼基文",
"pi":"巴利文",
"pl":"波蘭文",
"pon":"波那貝文",
"pra":"普拉克里特諸語言",
"pro":"古普羅旺斯文",
"ps":"普什圖文",
"pt":"葡萄牙文",
"pt_BR":"巴西葡萄牙文",
"pt_PT":"葡萄牙文 (歐洲)",
"qu":"蓋楚瓦文",
"raj":"拉賈斯坦諸文",
"rap":"復活島文",
"rar":"拉羅通加文",
"rm":"羅曼斯文",
"rn":"隆迪文",
"ro":"羅馬尼亞文",
"roa":"羅曼諸語言",
"rof":"蘭博文",
"rom":"吉普賽文",
"root":"根語言",
"ru":"俄文",
"rup":"羅馬尼亞語系",
"rw":"盧安達文",
"rwk":"羅瓦文",
"sa":"梵文",
"sad":"桑達韋文",
"sah":"雅庫特文",
"sai":"南美印第安諸語言",
"sal":"薩利什諸語言",
"sam":"薩瑪利亞阿拉姆文",
"saq":"薩布魯文",
"sas":"撒撒克文",
"sat":"散塔利文",
"sba":"甘拜文",
"sbp":"桑古文",
"sc":"撒丁文",
"scn":"西西里文",
"sco":"蘇格蘭文",
"sd":"印度語",
"se":"北方薩米文",
"see":"塞訥卡文",
"seh":"賽納文",
"sel":"瑟爾卡普文",
"sem":"閃語諸語言",
"ses":"東桑海文",
"sg":"桑戈文",
"sga":"古愛爾蘭文",
"sgn":"手語",
"sh":"塞爾維亞克羅埃西亞文",
"shi":"希爾哈文",
"shn":"撣文",
"shu":"阿拉伯文（查德）",
"si":"僧伽羅文",
"sid":"希達摩文",
"sio":"蘇語諸語言",
"sit":"漢藏諸語言",
"sk":"斯洛伐克文",
"sl":"斯洛維尼亞文",
"sla":"斯拉夫諸語言",
"sm":"薩摩亞文",
"sma":"南薩米文",
"smi":"薩米諸語言",
"smj":"魯勒薩米文",
"smn":"伊納裡薩米文",
"sms":"斯科特薩米文",
"sn":"塞內加爾文",
"snk":"索尼基文",
"so":"索馬利文",
"sog":"索格底亞納文",
"son":"桑海文",
"sq":"阿爾巴尼亞文",
"sr":"塞爾維亞文",
"srn":"蘇拉南東墎文",
"srr":"塞雷爾文",
"ss":"斯瓦特文",
"ssa":"尼羅撒哈拉諸語言",
"ssy":"薩霍文",
"st":"塞索托文",
"su":"巽他文",
"suk":"蘇庫馬文",
"sus":"蘇蘇文",
"sux":"蘇美文",
"sv":"瑞典文",
"sw":"史瓦希里文",
"swb":"葛摩文",
"swc":"史瓦希里文（剛果）",
"syc":"古敘利亞文",
"syr":"敘利亞文",
"ta":"坦米爾文",
"tai":"傣語諸語言",
"te":"泰盧固文",
"tem":"提姆文",
"teo":"特索文",
"ter":"泰雷諾文",
"tet":"泰頓文",
"tg":"塔吉克文",
"th":"泰文",
"ti":"提格利尼亞文",
"tig":"蒂格雷文",
"tiv":"提夫文",
"tk":"土庫曼文",
"tkl":"托克勞文",
"tl":"塔加路族文",
"tlh":"克林貢文",
"tli":"特林基特文",
"tmh":"塔馬奇克文",
"tn":"突尼西亞文",
"to":"東加文",
"tog":"東加文（尼亞薩）",
"tpi":"托比辛文",
"tr":"土耳其文",
"trv":"太魯閣文",
"ts":"特松加文",
"tsi":"欽西安文",
"tt":"韃靼文",
"tum":"圖姆布卡文",
"tup":"圖皮諸語言",
"tut":"阿爾泰諸語言（其他）",
"tvl":"吐瓦魯文",
"tw":"特威文",
"twq":"北桑海文",
"ty":"大溪地文",
"tyv":"土凡文",
"tzm":"塔馬齊格特文",
"udm":"沃蒂艾克文",
"ug":"維吾爾文",
"uga":"烏加列文",
"uk":"烏克蘭文",
"umb":"姆本杜文",
"und":"未知語言",
"ur":"烏都文",
"uz":"烏茲別克文",
"vai":"越南文（Vai）",
"ve":"溫達文",
"vi":"越南文",
"vo":"沃拉普克文",
"vot":"沃提克文",
"vun":"溫舊文",
"wa":"瓦隆文",
"wae":"瓦瑟文",
"wak":"瓦卡什諸語言",
"wal":"瓦拉莫文",
"war":"瓦瑞文",
"was":"瓦紹文",
"wen":"索布諸語言",
"wo":"沃洛夫文",
"xal":"卡爾梅克文",
"xh":"科薩文",
"xog":"索加文",
"yao":"瑤文",
"yap":"雅浦文",
"yav":"洋卞文",
"ybb":"耶姆巴文",
"yi":"意第緒文",
"yo":"約魯巴文",
"ypk":"尤皮克諸語言",
"yue":"粵語",
"za":"壯文",
"zap":"薩波特克文",
"zbl":"布列斯符號",
"zen":"澤納加文",
"zgh":"標準摩洛哥塔馬塞特文",
"zh":"中文",
"zh_Hans":"簡體中文",
"zh_Hant":"繁體中文",
"znd":"贊德文",
"zu":"祖魯文",
"zun":"祖尼文",
"zxx":"無語言內容",
"zza":"扎扎文"
},
"scripts":{
"Afak":"阿法卡文字",
"Arab":"阿拉伯文",
"Armi":"皇室亞美尼亞文",
"Armn":"亞美尼亞文",
"Avst":"阿維斯陀文",
"Bali":"峇里文",
"Bamu":"巴姆穆文",
"Bass":"巴薩文",
"Batk":"巴塔克文",
"Beng":"孟加拉文",
"Blis":"布列斯文",
"Bopo":"注音符號",
"Brah":"婆羅米文",
"Brai":"盲人用點字",
"Bugi":"布吉斯文",
"Buhd":"布希德文",
"Cakm":"查克馬文",
"Cans":"加拿大原住民通用字符",
"Cari":"卡里亞文",
"Cham":"占文",
"Cher":"柴羅基文",
"Cirt":"色斯文",
"Copt":"科普特文",
"Cprt":"塞浦路斯文",
"Cyrl":"斯拉夫文",
"Cyrs":"西里爾文（古教會斯拉夫文變體）",
"Deva":"天城文",
"Dsrt":"德瑟雷特文",
"Dupl":"杜普洛伊速記",
"Egyd":"古埃及世俗體",
"Egyh":"古埃及僧侶體",
"Egyp":"古埃及象形文字",
"Ethi":"衣索比亞文",
"Geok":"格魯吉亞語系（阿索他路里和努斯克胡里文）",
"Geor":"喬治亞文",
"Glag":"格拉哥里文",
"Goth":"歌德文",
"Gran":"格蘭他文字",
"Grek":"希臘文",
"Gujr":"古吉拉特文",
"Guru":"古魯穆奇文",
"Hang":"韓文字",
"Hani":"漢語",
"Hano":"哈努諾文",
"Hans":"簡體字",
"Hant":"繁體字",
"Hebr":"希伯來文",
"Hira":"平假名",
"Hluw":"安那托利亞象形文字",
"Hmng":"楊松錄苗文",
"Hrkt":"片假名或平假名",
"Hung":"古匈牙利文",
"Inds":"印度河流域（哈拉帕文）",
"Ital":"古意大利文",
"Java":"爪哇文",
"Jpan":"日文",
"Jurc":"女真文字",
"Kali":"克耶李文",
"Kana":"片假名",
"Khar":"卡羅須提文",
"Khmr":"高棉文",
"Khoj":"克吉奇文字",
"Knda":"坎那達文",
"Kore":"韓文",
"Kpel":"克培列文",
"Kthi":"凱提文",
"Lana":"藍拿文",
"Laoo":"寮國文",
"Latf":"拉丁文（尖角體活字變體）",
"Latg":"拉丁文（蓋爾語變體）",
"Latn":"拉丁文",
"Lepc":"雷布查文",
"Limb":"林佈文",
"Lina":"線性文字（A）",
"Linb":"線性文字（B）",
"Lisu":"栗僳文",
"Loma":"洛馬文",
"Lyci":"呂西亞語",
"Lydi":"里底亞語",
"Mand":"曼安底文",
"Mani":"摩尼教文",
"Maya":"瑪雅象形文字",
"Mend":"門德文",
"Merc":"麥羅埃文（曲線字體）",
"Mero":"麥羅埃文",
"Mlym":"馬來亞拉姆文",
"Mong":"蒙古文",
"Moon":"蒙氏點字",
"Mroo":"謬文",
"Mtei":"曼尼普爾文",
"Mymr":"緬甸文",
"Narb":"古北阿拉伯文",
"Nbat":"納巴泰文字",
"Nkgb":"納西格巴文",
"Nkoo":"西非書面語言 (N’Ko)",
"Nshu":"女書文字",
"Ogam":"歐甘文",
"Olck":"桑塔利文",
"Orkh":"鄂爾渾文",
"Orya":"歐利亞文",
"Osma":"歐斯曼亞文",
"Palm":"帕米瑞拉文字",
"Perm":"古彼爾姆諸文",
"Phag":"八思巴文",
"Phli":"巴列維文（碑銘體）",
"Phlp":"巴列維文（聖詩體）",
"Phlv":"巴列維文（書體）",
"Phnx":"腓尼基文",
"Plrd":"柏格理拼音符",
"Prti":"帕提亞文（碑銘體）",
"Rjng":"拉讓文",
"Roro":"朗格朗格象形文",
"Runr":"古北歐文字",
"Samr":"撒馬利亞文",
"Sara":"沙拉堤文",
"Sarb":"古南阿拉伯文",
"Saur":"索拉什特拉文",
"Sgnw":"手語書寫符號",
"Shaw":"簫柏納字符",
"Shrd":"夏拉達文",
"Sind":"信德文",
"Sinh":"錫蘭文",
"Sora":"索朗桑朋文字",
"Sund":"巽他文",
"Sylo":"希洛弟納格里文",
"Syrc":"敍利亞文",
"Syre":"敘利亞文（福音體文字變體）",
"Syrj":"敘利亞文（西方文字變體）",
"Syrn":"敘利亞文（東方文字變體）",
"Tagb":"南島文",
"Takr":"塔卡里文字",
"Tale":"傣哪文",
"Talu":"西雙版納新傣文",
"Taml":"坦米爾文",
"Tang":"西夏文",
"Tavt":"傣擔文",
"Telu":"泰盧古文",
"Teng":"談格瓦文",
"Tfng":"提非納文",
"Tglg":"塔加拉文",
"Thaa":"塔安那文",
"Thai":"泰文",
"Tibt":"西藏文",
"Tirh":"邁蒂利文",
"Ugar":"烏加列文",
"Vaii":"瓦依文",
"Visp":"視覺語音文字",
"Wara":"瓦郎奇蒂文字",
"Wole":"沃雷艾文",
"Xpeo":"古波斯文",
"Xsux":"蘇米魯亞甲文楔形文字",
"Yiii":"彞文",
"Zinh":"繼承文字（Unicode）",
"Zmth":"數學符號",
"Zsym":"符號",
"Zxxx":"非書寫語言",
"Zyyy":"一般文字",
"Zzzz":"未知文字"
},
"territories":{
"001":"世界",
"002":"非洲",
"003":"北美洲",
"005":"南美洲",
"009":"大洋洲",
"011":"西非",
"013":"中美",
"014":"東非",
"015":"北非",
"017":"中非",
"018":"非洲南部",
"019":"美洲",
"021":"北美",
"029":"加勒比海",
"030":"東亞",
"034":"南亞",
"035":"東南亞",
"039":"南歐",
"053":"澳洲與紐西蘭",
"054":"美拉尼西亞",
"057":"密克羅尼西亞",
"061":"玻里尼西亞",
"142":"亞洲",
"143":"中亞",
"145":"西亞",
"150":"歐洲",
"151":"東歐",
"154":"北歐",
"155":"西歐",
"419":"拉丁美洲",
"AC":"阿森松島",
"AD":"安道爾",
"AE":"阿拉伯聯合大公國",
"AF":"阿富汗",
"AG":"安地卡及巴布達",
"AI":"安圭拉島",
"AL":"阿爾巴尼亞",
"AM":"亞美尼亞",
"AN":"荷屬安地列斯",
"AO":"安哥拉",
"AQ":"南極洲",
"AR":"阿根廷",
"AS":"美屬薩摩亞群島",
"AT":"奧地利",
"AU":"澳洲",
"AW":"阿路巴",
"AX":"奧蘭群島",
"AZ":"亞塞拜然",
"BA":"波士尼亞與赫塞格維納",
"BB":"巴貝多",
"BD":"孟加拉",
"BE":"比利時",
"BF":"布吉納法索",
"BG":"保加利亞",
"BH":"巴林",
"BI":"蒲隆地",
"BJ":"貝寧",
"BL":"聖巴瑟米",
"BM":"百慕達",
"BN":"汶萊",
"BO":"玻利維亞",
"BQ":"荷蘭加勒比區",
"BR":"巴西",
"BS":"巴哈馬",
"BT":"不丹",
"BV":"布威島",
"BW":"波札那",
"BY":"白俄羅斯",
"BZ":"貝里斯",
"CA":"加拿大",
"CC":"可可斯群島",
"CD":"剛果（金夏沙）",
"CF":"中非共和國",
"CG":"剛果（布拉薩）",
"CH":"瑞士",
"CI":"科特迪瓦",
"CK":"庫克群島",
"CL":"智利",
"CM":"喀麥隆",
"CN":"中華人民共和國",
"CO":"哥倫比亞",
"CP":"克里派頓島",
"CR":"哥斯大黎加",
"CU":"古巴",
"CV":"維德角",
"CW":"庫拉索",
"CX":"聖誕島",
"CY":"賽普勒斯",
"CZ":"捷克共和國",
"DE":"德國",
"DG":"迪亞哥加西亞島",
"DJ":"吉布地",
"DK":"丹麥",
"DM":"多米尼克",
"DO":"多明尼加共和國",
"DZ":"阿爾及利亞",
"EA":"休達與梅利利亞",
"EC":"厄瓜多",
"EE":"愛沙尼亞",
"EG":"埃及",
"EH":"西撒哈拉",
"ER":"厄利垂亞",
"ES":"西班牙",
"ET":"衣索比亞",
"EU":"歐盟",
"FI":"芬蘭",
"FJ":"斐濟",
"FK":"福克蘭群島",
"FM":"密克羅尼西亞群島",
"FO":"法羅群島",
"FR":"法國",
"GA":"加彭",
"GB":"英國",
"GD":"格瑞那達",
"GE":"喬治亞共和國",
"GF":"法屬圭亞那",
"GG":"根西島",
"GH":"迦納",
"GI":"直布羅陀",
"GL":"格陵蘭",
"GM":"甘比亞",
"GN":"幾內亞",
"GP":"瓜地洛普",
"GQ":"赤道幾內亞",
"GR":"希臘",
"GS":"南喬治亞與南三明治群島",
"GT":"瓜地馬拉",
"GU":"關島",
"GW":"幾內亞比紹",
"GY":"蓋亞納",
"HK":"中華人民共和國香港特別行政區",
"HM":"赫德與麥克當諾群島",
"HN":"宏都拉斯",
"HR":"克羅埃西亞",
"HT":"海地",
"HU":"匈牙利",
"IC":"加那利群島",
"ID":"印尼",
"IE":"愛爾蘭",
"IL":"以色列",
"IM":"曼島",
"IN":"印度",
"IO":"英屬印度洋領土",
"IQ":"伊拉克",
"IR":"伊朗",
"IS":"冰島",
"IT":"義大利",
"JE":"澤西島",
"JM":"牙買加",
"JO":"約旦",
"JP":"日本",
"KE":"肯亞",
"KG":"吉爾吉斯",
"KH":"柬埔寨",
"KI":"吉里巴斯",
"KM":"科摩羅群島",
"KN":"聖克里斯多福及尼維斯",
"KP":"北韓",
"KR":"南韓",
"KW":"科威特",
"KY":"開曼群島",
"KZ":"哈薩克",
"LA":"寮國",
"LB":"黎巴嫩",
"LC":"聖露西亞",
"LI":"列支敦士登",
"LK":"斯里蘭卡",
"LR":"賴比瑞亞",
"LS":"賴索扥",
"LT":"立陶宛",
"LU":"盧森堡",
"LV":"拉脫維亞",
"LY":"利比亞",
"MA":"摩洛哥",
"MC":"摩納哥",
"MD":"摩爾多瓦",
"ME":"蒙特內哥羅",
"MF":"法屬聖馬丁",
"MG":"馬達加斯加",
"MH":"馬紹爾群島",
"MK":"馬其頓",
"ML":"馬利",
"MM":"緬甸",
"MN":"蒙古",
"MO":"中華人民共和國澳門特別行政區",
"MP":"北馬里亞納群島",
"MQ":"馬丁尼克島",
"MR":"茅利塔尼亞",
"MS":"蒙塞拉特島",
"MT":"馬爾他",
"MU":"模里西斯",
"MV":"馬爾地夫",
"MW":"馬拉威",
"MX":"墨西哥",
"MY":"馬來西亞",
"MZ":"莫三比克",
"NA":"納米比亞",
"NC":"新喀里多尼亞群島",
"NE":"尼日",
"NF":"諾福克島",
"NG":"奈及利亞",
"NI":"尼加拉瓜",
"NL":"荷蘭",
"NO":"挪威",
"NP":"尼泊爾",
"NR":"諾魯",
"NU":"紐威島",
"NZ":"紐西蘭",
"OM":"阿曼王國",
"PA":"巴拿馬",
"PE":"秘魯",
"PF":"法屬玻里尼西亞",
"PG":"巴布亞紐幾內亞",
"PH":"菲律賓",
"PK":"巴基斯坦",
"PL":"波蘭",
"PM":"聖皮埃爾和密克隆群島",
"PN":"皮特肯群島",
"PR":"波多黎各",
"PS":"巴勒斯坦自治區",
"PT":"葡萄牙",
"PW":"帛琉",
"PY":"巴拉圭",
"QA":"卡達",
"QO":"大洋洲邊疆群島",
"RE":"留尼旺",
"RO":"羅馬尼亞",
"RS":"塞爾維亞",
"RU":"俄羅斯",
"RW":"盧安達",
"SA":"沙烏地阿拉伯",
"SB":"索羅門群島",
"SC":"塞席爾",
"SD":"蘇丹",
"SE":"瑞典",
"SG":"新加坡",
"SH":"聖赫勒拿島",
"SI":"斯洛維尼亞",
"SJ":"冷岸及央麥恩群島",
"SK":"斯洛伐克",
"SL":"獅子山",
"SM":"聖馬利諾",
"SN":"塞內加爾",
"SO":"索馬利亞",
"SR":"蘇利南",
"SS":"南蘇丹",
"ST":"聖多美及普林西比",
"SV":"薩爾瓦多",
"SX":"荷屬聖馬丁",
"SY":"敘利亞",
"SZ":"史瓦濟蘭",
"TA":"特里斯坦達庫尼亞群島",
"TC":"土克斯及開科斯群島",
"TD":"查德",
"TF":"法屬南方屬地",
"TG":"多哥共和國",
"TH":"泰國",
"TJ":"塔吉克",
"TK":"托克勞群島",
"TL":"東帝汶",
"TM":"土庫曼",
"TN":"突尼西亞",
"TO":"東加",
"TR":"土耳其",
"TT":"千里達及托巴哥",
"TV":"吐瓦魯",
"TW":"台灣",
"TZ":"坦尚尼亞",
"UA":"烏克蘭",
"UG":"烏干達",
"UM":"美國本土外小島嶼",
"US":"美國",
"UY":"烏拉圭",
"UZ":"烏茲別克",
"VA":"梵蒂岡",
"VC":"聖文森及格瑞那丁",
"VE":"委內瑞拉",
"VG":"英屬維京群島",
"VI":"美屬維京群島",
"VN":"越南",
"VU":"萬那杜",
"WF":"瓦利斯和富圖納群島",
"WS":"薩摩亞群島",
"XK":"科索沃",
"YE":"葉門",
"YT":"馬約特",
"ZA":"南非",
"ZM":"尚比亞",
"ZW":"辛巴威",
"ZZ":"未知區域"
},
"orientation":"left-to-right",
"dateFormat-full":"y年M月d日EEEE",
"dateFormat-long":"y年M月d日",
"dateFormat-medium":"y年M月d日",
"dateFormat-short":"y/M/d",
"timeFormat-full":"zzzzah時mm分ss秒",
"timeFormat-long":"zah時mm分ss秒",
"timeFormat-medium":"ah:mm:ss",
"timeFormat-short":"ah:mm",
"dateTimeFormat-full":"{1}{0}",
"dateTimeFormat-long":"{1} {0}",
"dateTimeFormat-medium":"{1} {0}",
"dateTimeFormat-short":"{1} {0}",
"intervalFormatFallback":"{0}至{1}",
"intervalFormat-d-d":"d日至d日",
"intervalFormat-h-a":"ah時至ah時",
"intervalFormat-h-h":"ah時至h時",
"intervalFormat-H-H":"HH–HH",
"intervalFormat-hm-a":"ah:mm至ah:mm",
"intervalFormat-hm-h":"ah:mm至h:mm",
"intervalFormat-hm-m":"ah:mm至h:mm",
"intervalFormat-Hm-H":"HH:mm–HH:mm",
"intervalFormat-Hm-m":"HH:mm至HH:mm",
"intervalFormat-hmv-a":"a h:mm 至a h:mm [v]",
"intervalFormat-hmv-h":"a h:mm 至 h:mm [v]",
"intervalFormat-hmv-m":"a h:mm 至 h:mm [v]",
"intervalFormat-Hmv-H":"HH:mm–HH:mm [v]",
"intervalFormat-Hmv-m":"HH:mm–HH:mm [v]",
"intervalFormat-hv-a":"a h 時至a h 時 [v]",
"intervalFormat-hv-h":"a h 時至 h 時 [v]",
"intervalFormat-Hv-H":"HH–HH [v]",
"intervalFormat-M-M":"M月至M月",
"intervalFormat-Md-d":"M/d至M/d",
"intervalFormat-Md-M":"M/d至M/d",
"intervalFormat-MEd-d":"M/dE至M/dE",
"intervalFormat-MEd-M":"M/dE至M/dE",
"intervalFormat-MMM-M":"LLL至LLL",
"intervalFormat-MMMd-d":"M月d日至d日",
"intervalFormat-MMMd-M":"M月d日至M月d日",
"intervalFormat-MMMEd-d":"M月d日E至d日E",
"intervalFormat-MMMEd-M":"M月d日E至M月d日E",
"intervalFormat-y-y":"y至y",
"intervalFormat-yM-M":"y/M至y/M",
"intervalFormat-yM-y":"y/M至y/M",
"intervalFormat-yMd-d":"y/M/d至y/M/d",
"intervalFormat-yMd-M":"y/M/d至y/M/d",
"intervalFormat-yMd-y":"y/M/d至y/M/d",
"intervalFormat-yMEd-d":"y/M/dE至y/M/dE",
"intervalFormat-yMEd-M":"y/M/dE至y/M/dE",
"intervalFormat-yMEd-y":"y/M/dE至y/M/dE",
"intervalFormat-yMMM-M":"y年M月至M月",
"intervalFormat-yMMM-y":"y年M月至y年M月",
"intervalFormat-yMMMd-d":"y年M月d日至d日",
"intervalFormat-yMMMd-M":"y年M月d日至M月d日",
"intervalFormat-yMMMd-y":"y年M月d日至y年M月d日",
"intervalFormat-yMMMEd-d":"y年M月d日E至d日E",
"intervalFormat-yMMMEd-M":"y年M月d日E至M月d日E",
"intervalFormat-yMMMEd-y":"y年M月d日E至y年M月d日E",
"intervalFormat-yMMMM-M":"y年M月至M月",
"intervalFormat-yMMMM-y":"y年M月至y年M月",
"months-format-abbreviated":[
"1月",
"2月",
"3月",
"4月",
"5月",
"6月",
"7月",
"8月",
"9月",
"10月",
"11月",
"12月"],
"months-format-narrow":[
"1",
"2",
"3",
"4",
"5",
"6",
"7",
"8",
"9",
"10",
"11",
"12"],
"months-format-wide":[
"1月",
"2月",
"3月",
"4月",
"5月",
"6月",
"7月",
"8月",
"9月",
"10月",
"11月",
"12月"],
"months-standAlone-abbreviated":[
"1月",
"2月",
"3月",
"4月",
"5月",
"6月",
"7月",
"8月",
"9月",
"10月",
"11月",
"12月"],
"months-standAlone-narrow":[
"1",
"2",
"3",
"4",
"5",
"6",
"7",
"8",
"9",
"10",
"11",
"12"],
"months-standAlone-wide":[
"1月",
"2月",
"3月",
"4月",
"5月",
"6月",
"7月",
"8月",
"9月",
"10月",
"11月",
"12月"],
"days-format-abbreviated":[
"週日",
"週一",
"週二",
"週三",
"週四",
"週五",
"週六"],
"days-format-narrow":[
"日",
"一",
"二",
"三",
"四",
"五",
"六"],
"days-format-short":[
"日",
"一",
"二",
"三",
"四",
"五",
"六"],
"days-format-wide":[
"星期日",
"星期一",
"星期二",
"星期三",
"星期四",
"星期五",
"星期六"],
"days-standAlone-abbreviated":[
"週日",
"週一",
"週二",
"週三",
"週四",
"週五",
"週六"],
"days-standAlone-narrow":[
"日",
"一",
"二",
"三",
"四",
"五",
"六"],
"days-standAlone-short":[
"日",
"一",
"二",
"三",
"四",
"五",
"六"],
"days-standAlone-wide":[
"星期日",
"星期一",
"星期二",
"星期三",
"星期四",
"星期五",
"星期六"],
"quarters-format-abbreviated":[
"1季",
"2季",
"3季",
"4季"],
"quarters-format-narrow":[
"1",
"2",
"3",
"4"],
"quarters-format-wide":[
"第1季",
"第2季",
"第3季",
"第4季"],
"quarters-standAlone-abbreviated":[
"1季",
"2季",
"3季",
"4季"],
"quarters-standAlone-narrow":[
"1",
"2",
"3",
"4"],
"quarters-standAlone-wide":[
"第1季",
"第2季",
"第3季",
"第4季"],
"dayPeriods-format-abbreviated":[
"上午",
"下午"],
"dayPeriods-format-narrow":[
"上午",
"下午"],
"dayPeriods-format-wide":[
"上午",
"下午"],
"dayPeriods-standAlone-abbreviated":[
"上午",
"下午"],
"dayPeriods-standAlone-narrow":[
"上午",
"下午"],
"dayPeriods-standAlone-wide":[
"上午",
"下午"],
"decimalFormat":{
"standard":"#,##0.###"},
"decimalFormat-long":{
"1000-other":"0 千",
"10000-other":"0萬",
"100000-other":"00萬",
"1000000-other":"000萬",
"10000000-other":"0000萬",
"100000000-other":"0億",
"1000000000-other":"00億",
"10000000000-other":"000億",
"100000000000-other":"0000億",
"1000000000000-other":"0兆",
"10000000000000-other":"00兆",
"100000000000000-other":"000兆"},
"decimalFormat-short":{
"1000-other":"0K",
"10000-other":"00K",
"100000-other":"000K",
"1000000-other":"0M",
"10000000-other":"00M",
"100000000-other":"000M",
"1000000000-other":"0B",
"10000000000-other":"00B",
"100000000000-other":"000B",
"1000000000000-other":"0T",
"10000000000000-other":"00T",
"100000000000000-other":"000T"},
"scientificFormat":{
"standard":"#E0"},
"percentFormat":{
"standard":"#,##0%"},
"currencyFormat":{
"standard":"¤#,##0.00",
"accounting":"¤#,##0.00;(¤#,##0.00)"},
"symbols-latn-decimal":".",
"symbols-latn-group":",",
"symbols-latn-list":";",
"symbols-latn-percentSign":"%",
"symbols-latn-plusSign":"+",
"symbols-latn-minusSign":"-",
"symbols-latn-exponential":"E",
"symbols-latn-superscriptingExponent":"×",
"symbols-latn-perMille":"‰",
"symbols-latn-infinity":"∞",
"symbols-latn-nan":"非數值",
"currencyDigits":{
"ADP":0,
"AFN":0,
"ALL":0,
"AMD":0,
"BHD":3,
"BIF":0,
"BYR":0,
"CAD":2,
"CHF":2,
"CLF":0,
"CLP":0,
"COP":0,
"CRC":0,
"DEFAULT":2,
"DJF":0,
"ESP":0,
"GNF":0,
"GYD":0,
"HUF":0,
"IDR":0,
"IQD":0,
"IRR":0,
"ISK":0,
"ITL":0,
"JOD":3,
"JPY":0,
"KMF":0,
"KPW":0,
"KRW":0,
"KWD":3,
"LAK":0,
"LBP":0,
"LUF":0,
"LYD":3,
"MGA":0,
"MGF":0,
"MMK":0,
"MNT":0,
"MRO":0,
"MUR":0,
"OMR":3,
"PKR":0,
"PYG":0,
"RSD":0,
"RWF":0,
"SLL":0,
"SOS":0,
"STD":0,
"SYP":0,
"TMM":0,
"TND":3,
"TRL":0,
"TZS":0,
"TWD":2,
"UGX":0,
"UZS":0,
"VND":0,
"VUV":0,
"XAF":0,
"XOF":0,
"XPF":0,
"YER":0,
"ZMK":0,
"ZWD":0
},
"currencySymbols":{
"AUD":"A$",
"BRL":"R$",
"CAD":"CA$",
"CNY":"CN¥",
"EUR":"€",
"GBP":"£",
"HKD":"HK$",
"ILS":"₪",
"INR":"₹",
"JPY":"JP¥",
"KRW":"₩",
"MXN":"MX$",
"NZD":"NZ$",
"THB":"฿",
"TWD":"NT$",
"USD":"US$",
"VND":"₫",
"XAF":"FCFA",
"XCD":"EC$",
"XOF":"CFA",
"XPF":"CFPF"
},
"weekData-minDays":1,
"weekData-firstDay":0,
"weekData-weekendStart":6,
"weekData-weekendEnd":0
}